student_id,module_id,module_title,status,module_weight,updated_at
S110,M01,Module 1: Topic Project,completed,1,2025-11-12
S110,M02,Module 2: Topic Quiz,in_progress,1,2026-01-11
S110,M03,Module 3: Topic Advanced,completed,1,2025-10-16
S110,M04,Module 4: Topic Quiz,completed,1,2025-12-01
S110,M05,Module 5: Topic Quiz,completed,2,2025-12-11
S110,M06,Module 6: Topic Intermediate,completed,2,2025-11-01
S110,M07,Module 7: Topic Advanced,in_progress,3,2025-12-24
S110,M08,Module 8: Topic Advanced,completed,3,2025-12-31
S110,M09,Module 9: Topic Advanced,completed,3,2025-10-11
S110,M10,Module 10: Topic Quiz,completed,1,2025-11-27
S110,M11,Module 11: Topic Project,completed,2,2025-12-30
S110,M12,Module 12: Topic Advanced,in_progress,2,2026-01-21
S110,M13,Module 13: Topic Quiz,completed,1,2025-10-28
S110,M14,Module 14: Topic Intermediate,completed,1,2025-10-19
S110,M15,Module 15: Topic Project,in_progress,2,2025-12-20
S110,M16,Module 16: Topic Intermediate,completed,1,2025-10-21
S110,M17,Module 17: Topic Project,completed,2,2025-10-26
S110,M18,Module 18: Topic Quiz,completed,1,2025-10-24
S110,M19,Module 19: Topic Basics,completed,1,2025-11-22
S110,M20,Module 20: Topic Project,in_progress,2,2026-01-05
S110,M21,Module 21: Topic Intermediate,in_progress,1,2026-01-03
S110,M22,Module 22: Topic Quiz,completed,2,2025-10-17
S110,M23,Module 23: Topic Project,completed,3,2025-11-15
S110,M24,Module 24: Topic Basics,completed,1,2025-12-04
S111,M01,Module 1: Topic Basics,completed,1,2025-12-30
S111,M02,Module 2: Topic Basics,completed,1,2025-12-02
S111,M03,Module 3: Topic Basics,completed,3,2025-12-16
S111,M04,Module 4: Topic Project,completed,2,2025-12-09
S111,M05,Module 5: Topic Advanced,completed,1,2026-01-01
S111,M06,Module 6: Topic Advanced,completed,2,2025-12-13
S111,M07,Module 7: Topic Basics,completed,3,2025-11-04
S111,M08,Module 8: Topic Advanced,completed,1,2025-11-16
S111,M09,Module 9: Topic Advanced,in_progress,1,2026-01-07
S111,M10,Module 10: Topic Basics,in_progress,1,2026-01-01
S111,M11,Module 11: Topic Advanced,completed,1,2025-11-09
S111,M12,Module 12: Topic Quiz,completed,2,2025-12-03
S111,M13,Module 13: Topic Intermediate,completed,3,2025-11-30
S111,M14,Module 14: Topic Intermediate,completed,1,2025-11-13
S111,M15,Module 15: Topic Basics,in_progress,1,2026-01-23
S111,M16,Module 16: Topic Project,completed,2,2025-12-17
S111,M17,Module 17: Topic Basics,in_progress,1,2026-01-01
S111,M18,Module 18: Topic Project,completed,3,2025-12-01
S112,M01,Module 1: Topic Advanced,in_progress,3,2026-01-18
S112,M02,Module 2: Topic Intermediate,in_progress,1,2026-01-13
S112,M03,Module 3: Topic Project,completed,2,2025-10-09
S112,M04,Module 4: Topic Basics,completed,1,2025-11-02
S112,M05,Module 5: Topic Basics,in_progress,3,2026-01-23
S112,M06,Module 6: Topic Basics,in_progress,1,2026-01-13
S112,M07,Module 7: Topic Basics,in_progress,1,2025-12-31
S112,M08,Module 8: Topic Advanced,completed,2,2026-01-11
S112,M09,Module 9: Topic Basics,completed,2,2025-12-25
S112,M10,Module 10: Topic Project,in_progress,3,2025-12-24
S112,M11,Module 11: Topic Quiz,completed,1,2025-12-26
S112,M12,Module 12: Topic Basics,in_progress,1,2026-01-03
S112,M13,Module 13: Topic Advanced,completed,1,2025-11-08
S112,M14,Module 14: Topic Advanced,completed,2,2025-12-26
S112,M15,Module 15: Topic Basics,completed,1,2025-12-25
S112,M16,Module 16: Topic Quiz,completed,1,2025-10-10
S112,M17,Module 17: Topic Basics,completed,1,2025-11-04
S112,M18,Module 18: Topic Advanced,completed,1,2025-11-23
S112,M19,Module 19: Topic Intermediate,completed,1,2025-10-01
S112,M20,Module 20: Topic Project,in_progress,1,2025-12-27
S112,M21,Module 21: Topic Advanced,completed,2,2025-12-05
S113,M01,Module 1: Topic Intermediate,in_progress,1,2026-01-02
S113,M02,Module 2: Topic Basics,completed,1,2025-12-18
S113,M03,Module 3: Topic Advanced,completed,2,2025-10-08
S113,M04,Module 4: Topic Project,in_progress,3,2026-01-08
S113,M05,Module 5: Topic Basics,completed,1,2025-12-15
S113,M06,Module 6: Topic Basics,completed,2,2025-10-09
S113,M07,Module 7: Topic Intermediate,completed,1,2025-12-17
S113,M08,Module 8: Topic Intermediate,completed,1,2025-11-11
S113,M09,Module 9: Topic Advanced,in_progress,2,2025-12-27
S113,M10,Module 10: Topic Project,completed,3,2025-11-06
S113,M11,Module 11: Topic Intermediate,completed,2,2025-11-14
S113,M12,Module 12: Topic Basics,completed,3,2025-11-27
S113,M13,Module 13: Topic Project,completed,1,2025-12-26
S113,M14,Module 14: Topic Project,completed,3,2026-01-10
S113,M15,Module 15: Topic Basics,completed,1,2025-12-10
S113,M16,Module 16: Topic Intermediate,completed,1,2025-11-11
S113,M17,Module 17: Topic Basics,completed,1,2025-11-26
S113,M18,Module 18: Topic Project,completed,2,2025-12-28
S113,M19,Module 19: Topic Quiz,completed,1,2025-12-01
S113,M20,Module 20: Topic Quiz,completed,3,2025-10-14
S113,M21,Module 21: Topic Advanced,completed,1,2025-12-15
S113,M22,Module 22: Topic Basics,completed,1,2025-10-13
S113,M23,Module 23: Topic Basics,in_progress,3,2026-01-23
S113,M24,Module 24: Topic Advanced,completed,1,2025-10-07
S114,M01,Module 1: Topic Quiz,completed,1,2025-12-15
S114,M02,Module 2: Topic Quiz,completed,3,2025-12-26
S114,M03,Module 3: Topic Basics,completed,2,2025-12-28
S114,M04,Module 4: Topic Quiz,completed,1,2025-11-12
S114,M05,Module 5: Topic Advanced,in_progress,1,2026-01-10
S114,M06,Module 6: Topic Project,in_progress,1,2026-01-01
S114,M07,Module 7: Topic Basics,completed,1,2025-11-17
S114,M08,Module 8: Topic Project,completed,1,2025-11-20
S114,M09,Module 9: Topic Quiz,completed,2,2025-10-16
S114,M10,Module 10: Topic Quiz,in_progress,2,2025-12-23
S114,M11,Module 11: Topic Basics,in_progress,1,2026-01-03
S114,M12,Module 12: Topic Advanced,completed,1,2025-11-13
S114,M13,Module 13: Topic Intermediate,completed,2,2025-12-22
S114,M14,Module 14: Topic Basics,completed,2,2026-01-05
S114,M15,Module 15: Topic Intermediate,in_progress,2,2026-01-17
S114,M16,Module 16: Topic Intermediate,completed,1,2026-01-13
S114,M17,Module 17: Topic Advanced,in_progress,3,2026-01-28
S114,M18,Module 18: Topic Intermediate,completed,3,2025-12-11
S114,M19,Module 19: Topic Intermediate,completed,2,2025-10-10
S114,M20,Module 20: Topic Advanced,in_progress,1,2026-01-04
S114,M21,Module 21: Topic Intermediate,completed,2,2025-10-02
S114,M22,Module 22: Topic Intermediate,in_progress,1,2025-12-15
S114,M23,Module 23: Topic Intermediate,completed,1,2026-01-13
S114,M24,Module 24: Topic Basics,completed,3,2025-12-29
S114,M25,Module 25: Topic Basics,completed,1,2025-11-14
S114,M26,Module 26: Topic Basics,in_progress,1,2025-12-21
S115,M01,Module 1: Topic Quiz,in_progress,3,2026-01-19
S115,M02,Module 2: Topic Advanced,completed,2,2025-10-16
S115,M03,Module 3: Topic Project,in_progress,2,2025-12-26
S115,M04,Module 4: Topic Intermediate,completed,1,2025-10-01
S115,M05,Module 5: Topic Advanced,in_progress,2,2026-01-22
S115,M06,Module 6: Topic Quiz,completed,1,2025-11-07
S115,M07,Module 7: Topic Basics,completed,1,2025-11-17
S115,M08,Module 8: Topic Quiz,in_progress,1,2025-12-15
S115,M09,Module 9: Topic Project,completed,1,2025-10-31
S115,M10,Module 10: Topic Quiz,completed,1,2025-12-16
S115,M11,Module 11: Topic Basics,in_progress,2,2025-12-24
S115,M12,Module 12: Topic Project,in_progress,2,2026-01-04
S115,M13,Module 13: Topic Quiz,completed,2,2025-12-24
S115,M14,Module 14: Topic Project,completed,1,2025-12-09
S115,M15,Module 15: Topic Intermediate,completed,1,2026-01-04
S115,M16,Module 16: Topic Intermediate,completed,2,2025-10-05
S115,M17,Module 17: Topic Quiz,in_progress,1,2026-01-20
S115,M18,Module 18: Topic Project,completed,2,2025-12-21
S115,M19,Module 19: Topic Basics,in_progress,2,2025-12-25
S115,M20,Module 20: Topic Quiz,completed,1,2025-11-26
S115,M21,Module 21: Topic Intermediate,completed,1,2025-10-07
S115,M22,Module 22: Topic Intermediate,completed,2,2025-12-09
S116,M01,Module 1: Topic Basics,completed,1,2025-10-04
S116,M02,Module 2: Topic Quiz,completed,1,2026-01-07
S116,M03,Module 3: Topic Project,completed,2,2025-11-29
S116,M04,Module 4: Topic Basics,completed,1,2026-01-01
S116,M05,Module 5: Topic Quiz,completed,2,2025-12-05
S116,M06,Module 6: Topic Basics,completed,3,2025-12-03
S116,M07,Module 7: Topic Advanced,in_progress,2,2026-01-20
S116,M08,Module 8: Topic Basics,completed,1,2025-11-25
S116,M09,Module 9: Topic Basics,completed,1,2025-12-18
S116,M10,Module 10: Topic Basics,completed,2,2025-11-09
S116,M11,Module 11: Topic Project,completed,2,2026-01-09
S116,M12,Module 12: Topic Basics,completed,1,2025-12-16
S116,M13,Module 13: Topic Quiz,in_progress,2,2025-12-23
S116,M14,Module 14: Topic Advanced,completed,1,2025-12-07
S116,M15,Module 15: Topic Advanced,completed,2,2025-10-23
S116,M16,Module 16: Topic Basics,completed,1,2026-01-06
S116,M17,Module 17: Topic Project,completed,2,2025-11-10
S116,M18,Module 18: Topic Project,completed,2,2025-10-20
S116,M19,Module 19: Topic Quiz,completed,2,2025-12-28
S117,M01,Module 1: Topic Basics,completed,2,2025-11-17
S117,M02,Module 2: Topic Quiz,completed,2,2025-11-15
S117,M03,Module 3: Topic Project,completed,3,2025-11-25
S117,M04,Module 4: Topic Project,completed,1,2025-12-17
S117,M05,Module 5: Topic Project,completed,2,2025-10-14
S117,M06,Module 6: Topic Advanced,completed,1,2025-10-05
S117,M07,Module 7: Topic Quiz,completed,1,2025-12-04
S117,M08,Module 8: Topic Project,completed,1,2025-10-06
S117,M09,Module 9: Topic Advanced,in_progress,3,2026-01-02
S117,M10,Module 10: Topic Intermediate,completed,2,2025-11-12
S117,M11,Module 11: Topic Intermediate,completed,3,2025-12-28
S117,M12,Module 12: Topic Advanced,completed,1,2025-11-02
S117,M13,Module 13: Topic Advanced,completed,2,2025-12-12
S117,M14,Module 14: Topic Quiz,completed,2,2025-10-22
S117,M15,Module 15: Topic Quiz,in_progress,2,2026-01-16
S117,M16,Module 16: Topic Intermediate,completed,2,2025-10-14
S117,M17,Module 17: Topic Project,in_progress,2,2025-12-31
S117,M18,Module 18: Topic Intermediate,in_progress,3,2026-01-16
S117,M19,Module 19: Topic Project,completed,2,2025-11-29
S117,M20,Module 20: Topic Project,completed,1,2025-12-10
S117,M21,Module 21: Topic Quiz,completed,2,2026-01-08
S117,M22,Module 22: Topic Basics,completed,2,2025-10-24
S117,M23,Module 23: Topic Basics,completed,2,2025-11-06
S117,M24,Module 24: Topic Advanced,completed,1,2025-11-28
S118,M01,Module 1: Topic Intermediate,in_progress,2,2025-12-26
S118,M02,Module 2: Topic Intermediate,in_progress,2,2025-12-22
S118,M03,Module 3: Topic Intermediate,in_progress,3,2025-12-26
S118,M04,Module 4: Topic Advanced,completed,1,2025-10-24
S118,M05,Module 5: Topic Quiz,completed,2,2025-12-15
S118,M06,Module 6: Topic Quiz,completed,2,2025-10-27
S118,M07,Module 7: Topic Basics,in_progress,2,2026-01-02
S118,M08,Module 8: Topic Basics,completed,2,2025-11-24
S118,M09,Module 9: Topic Intermediate,completed,1,2025-11-12
S118,M10,Module 10: Topic Basics,completed,1,2025-10-08
S118,M11,Module 11: Topic Advanced,completed,1,2025-11-23
S118,M12,Module 12: Topic Quiz,in_progress,1,2025-12-22
S118,M13,Module 13: Topic Intermediate,completed,2,2025-10-09
S118,M14,Module 14: Topic Basics,completed,3,2025-10-18
S118,M15,Module 15: Topic Advanced,completed,1,2025-10-27
S118,M16,Module 16: Topic Advanced,completed,3,2025-12-15
S118,M17,Module 17: Topic Basics,completed,1,2025-11-24
S118,M18,Module 18: Topic Quiz,in_progress,1,2026-01-12
S118,M19,Module 19: Topic Basics,completed,2,2026-01-09
S118,M20,Module 20: Topic Intermediate,completed,2,2025-12-16
S118,M21,Module 21: Topic Basics,completed,2,2026-01-10
S118,M22,Module 22: Topic Advanced,in_progress,3,2026-01-19
S118,M23,Module 23: Topic Basics,completed,1,2025-11-19
S118,M24,Module 24: Topic Quiz,in_progress,1,2026-01-12
S118,M25,Module 25: Topic Project,completed,1,2025-11-01
S118,M26,Module 26: Topic Basics,completed,2,2025-12-28
S119,M01,Module 1: Topic Quiz,completed,1,2025-10-18
S119,M02,Module 2: Topic Intermediate,completed,1,2026-01-12
S119,M03,Module 3: Topic Quiz,completed,2,2025-12-19
S119,M04,Module 4: Topic Intermediate,completed,2,2025-12-31
S119,M05,Module 5: Topic Quiz,completed,1,2025-11-16
S119,M06,Module 6: Topic Advanced,completed,2,2025-11-19
S119,M07,Module 7: Topic Advanced,completed,1,2026-01-07
S119,M08,Module 8: Topic Advanced,completed,2,2026-01-11
S119,M09,Module 9: Topic Advanced,in_progress,3,2026-01-06
S119,M10,Module 10: Topic Basics,completed,2,2025-12-27
S119,M11,Module 11: Topic Advanced,completed,3,2025-12-07
S119,M12,Module 12: Topic Project,completed,1,2025-10-07
S119,M13,Module 13: Topic Project,completed,2,2025-12-30
S119,M14,Module 14: Topic Basics,completed,1,2025-11-11
S119,M15,Module 15: Topic Advanced,in_progress,2,2026-01-04
S119,M16,Module 16: Topic Advanced,completed,1,2025-10-05
S119,M17,Module 17: Topic Advanced,completed,3,2025-12-17
S119,M18,Module 18: Topic Quiz,completed,1,2025-11-01
S119,M19,Module 19: Topic Intermediate,completed,1,2025-12-06
S119,M20,Module 20: Topic Quiz,in_progress,3,2026-01-12
S119,M21,Module 21: Topic Intermediate,completed,1,2025-10-03
S120,M01,Module 1: Topic Intermediate,completed,1,2025-12-19
S120,M02,Module 2: Topic Project,completed,1,2025-11-07
S120,M03,Module 3: Topic Basics,completed,1,2025-12-26
S120,M04,Module 4: Topic Basics,completed,2,2025-10-22
S120,M05,Module 5: Topic Quiz,completed,3,2025-10-09
S120,M06,Module 6: Topic Project,in_progress,2,2026-01-09
S120,M07,Module 7: Topic Basics,completed,1,2026-01-02
S120,M08,Module 8: Topic Project,completed,1,2025-11-28
S120,M09,Module 9: Topic Intermediate,completed,2,2026-01-13
S120,M10,Module 10: Topic Advanced,completed,3,2025-10-16
S120,M11,Module 11: Topic Basics,completed,2,2025-12-31
S120,M12,Module 12: Topic Quiz,completed,3,2025-11-11
S120,M13,Module 13: Topic Intermediate,completed,3,2025-12-07
S120,M14,Module 14: Topic Project,completed,2,2025-12-08
S120,M15,Module 15: Topic Intermediate,completed,3,2026-01-03
S120,M16,Module 16: Topic Basics,completed,1,2025-10-06
S120,M17,Module 17: Topic Project,completed,3,2025-10-29
S120,M18,Module 18: Topic Advanced,completed,3,2026-01-11
S120,M19,Module 19: Topic Intermediate,completed,3,2025-12-12
S120,M20,Module 20: Topic Basics,completed,1,2026-01-08
S120,M21,Module 21: Topic Quiz,completed,1,2025-11-25
S120,M22,Module 22: Topic Project,completed,1,2026-01-04
S120,M23,Module 23: Topic Intermediate,completed,2,2026-01-09
S121,M01,Module 1: Topic Intermediate,completed,1,2026-01-07
S121,M02,Module 2: Topic Project,completed,1,2025-11-24
S121,M03,Module 3: Topic Intermediate,completed,3,2025-11-03
S121,M04,Module 4: Topic Quiz,completed,2,2025-12-03
S121,M05,Module 5: Topic Intermediate,completed,2,2025-11-11
S121,M06,Module 6: Topic Project,completed,1,2025-12-30
S121,M07,Module 7: Topic Basics,in_progress,1,2025-12-31
S121,M08,Module 8: Topic Quiz,in_progress,2,2025-12-27
S121,M09,Module 9: Topic Basics,completed,3,2025-10-12
S121,M10,Module 10: Topic Basics,completed,2,2025-10-03
S121,M11,Module 11: Topic Basics,completed,3,2025-12-18
S121,M12,Module 12: Topic Advanced,completed,1,2025-12-09
S121,M13,Module 13: Topic Advanced,completed,2,2025-12-16
S121,M14,Module 14: Topic Basics,in_progress,2,2025-12-22
S121,M15,Module 15: Topic Quiz,completed,2,2025-11-18
S121,M16,Module 16: Topic Project,completed,1,2025-10-09
S121,M17,Module 17: Topic Project,completed,1,2025-10-05
S121,M18,Module 18: Topic Intermediate,completed,3,2025-12-18
S121,M19,Module 19: Topic Quiz,in_progress,1,2025-12-27
S121,M20,Module 20: Topic Advanced,completed,3,2025-11-07
S121,M21,Module 21: Topic Basics,completed,2,2025-10-20
S121,M22,Module 22: Topic Intermediate,completed,1,2025-11-09
S121,M23,Module 23: Topic Project,in_progress,2,2026-01-19
S121,M24,Module 24: Topic Advanced,in_progress,1,2026-01-24
S122,M01,Module 1: Topic Quiz,completed,1,2025-10-28
S122,M02,Module 2: Topic Project,completed,2,2025-12-05
S122,M03,Module 3: Topic Quiz,completed,2,2025-12-04
S122,M04,Module 4: Topic Project,in_progress,1,2026-01-07
S122,M05,Module 5: Topic Quiz,in_progress,3,2026-01-18
S122,M06,Module 6: Topic Quiz,completed,1,2025-12-22
S122,M07,Module 7: Topic Quiz,completed,3,2026-01-13
S122,M08,Module 8: Topic Project,in_progress,3,2025-12-23
S122,M09,Module 9: Topic Project,completed,1,2025-12-24
S122,M10,Module 10: Topic Quiz,completed,3,2025-10-16
S122,M11,Module 11: Topic Intermediate,in_progress,1,2025-12-24
S122,M12,Module 12: Topic Advanced,in_progress,2,2026-01-06
S122,M13,Module 13: Topic Advanced,completed,1,2025-11-18
S122,M14,Module 14: Topic Advanced,completed,2,2026-01-13
S122,M15,Module 15: Topic Project,in_progress,3,2025-12-20
S122,M16,Module 16: Topic Project,completed,1,2025-12-30
S122,M17,Module 17: Topic Intermediate,in_progress,1,2026-01-08
S122,M18,Module 18: Topic Advanced,completed,1,2025-11-28
S123,M01,Module 1: Topic Quiz,in_progress,3,2025-12-28
S123,M02,Module 2: Topic Basics,completed,2,2026-01-04
S123,M03,Module 3: Topic Intermediate,completed,1,2025-11-01
S123,M04,Module 4: Topic Project,completed,1,2025-10-23
S123,M05,Module 5: Topic Basics,completed,2,2025-12-11
S123,M06,Module 6: Topic Quiz,completed,1,2025-10-09
S123,M07,Module 7: Topic Intermediate,completed,3,2025-10-19
S123,M08,Module 8: Topic Basics,in_progress,1,2026-01-01
S123,M09,Module 9: Topic Advanced,completed,2,2025-12-13
S123,M10,Module 10: Topic Project,completed,1,2025-11-25
S123,M11,Module 11: Topic Basics,completed,2,2026-01-07
S123,M12,Module 12: Topic Intermediate,completed,1,2025-10-13
S123,M13,Module 13: Topic Advanced,in_progress,1,2026-01-21
S123,M14,Module 14: Topic Intermediate,completed,2,2025-11-10
S123,M15,Module 15: Topic Intermediate,completed,1,2025-11-18
S123,M16,Module 16: Topic Advanced,in_progress,1,2026-01-26
S123,M17,Module 17: Topic Intermediate,in_progress,2,2026-01-05
S123,M18,Module 18: Topic Advanced,in_progress,3,2026-01-06
S123,M19,Module 19: Topic Basics,in_progress,3,2026-01-21
S123,M20,Module 20: Topic Advanced,completed,2,2025-11-21
S123,M21,Module 21: Topic Advanced,completed,2,2025-10-05
S123,M22,Module 22: Topic Project,completed,1,2025-11-08
S123,M23,Module 23: Topic Advanced,completed,1,2025-11-24
S123,M24,Module 24: Topic Advanced,completed,2,2025-10-09
S123,M25,Module 25: Topic Basics,completed,3,2025-10-14
S123,M26,Module 26: Topic Project,in_progress,1,2026-01-21
S124,M01,Module 1: Topic Advanced,completed,2,2025-12-16
S124,M02,Module 2: Topic Advanced,completed,2,2025-10-08
S124,M03,Module 3: Topic Project,completed,1,2025-10-19
S124,M04,Module 4: Topic Project,completed,1,2025-12-08
S124,M05,Module 5: Topic Quiz,completed,1,2025-10-31
S124,M06,Module 6: Topic Quiz,completed,1,2025-11-05
S124,M07,Module 7: Topic Intermediate,completed,2,2025-12-27
S124,M08,Module 8: Topic Intermediate,completed,2,2025-10-21
S124,M09,Module 9: Topic Basics,completed,2,2025-12-03
S124,M10,Module 10: Topic Quiz,in_progress,2,2025-12-24
S124,M11,Module 11: Topic Advanced,completed,3,2025-12-04
S124,M12,Module 12: Topic Quiz,completed,3,2025-12-07
S124,M13,Module 13: Topic Advanced,completed,1,2025-12-11
S124,M14,Module 14: Topic Project,in_progress,1,2026-01-12
S124,M15,Module 15: Topic Quiz,completed,2,2025-12-08
S124,M16,Module 16: Topic Project,completed,2,2025-12-20
S124,M17,Module 17: Topic Intermediate,in_progress,1,2025-12-22
S124,M18,Module 18: Topic Intermediate,completed,2,2025-10-30
S124,M19,Module 19: Topic Basics,completed,1,2025-10-19
S125,M01,Module 1: Topic Intermediate,completed,2,2026-01-11
S125,M02,Module 2: Topic Quiz,completed,2,2025-10-05
S125,M03,Module 3: Topic Advanced,completed,1,2025-12-01
S125,M04,Module 4: Topic Basics,completed,1,2025-11-24
S125,M05,Module 5: Topic Advanced,completed,2,2025-10-12
S125,M06,Module 6: Topic Intermediate,completed,2,2025-10-04
S125,M07,Module 7: Topic Project,completed,1,2025-10-08
S125,M08,Module 8: Topic Quiz,completed,1,2026-01-02
S125,M09,Module 9: Topic Basics,completed,2,2025-12-26
S125,M10,Module 10: Topic Quiz,completed,1,2025-10-05
S125,M11,Module 11: Topic Intermediate,in_progress,1,2025-12-16
S125,M12,Module 12: Topic Quiz,completed,1,2025-11-16
S125,M13,Module 13: Topic Basics,in_progress,3,2026-01-12
S125,M14,Module 14: Topic Intermediate,completed,1,2025-11-01
S125,M15,Module 15: Topic Quiz,completed,3,2025-11-18
S125,M16,Module 16: Topic Project,completed,3,2025-11-20
S125,M17,Module 17: Topic Intermediate,in_progress,2,2026-01-17
S125,M18,Module 18: Topic Intermediate,completed,1,2025-11-13
S125,M19,Module 19: Topic Project,completed,1,2025-10-26
S125,M20,Module 20: Topic Advanced,completed,2,2025-10-18
S125,M21,Module 21: Topic Basics,completed,2,2025-10-23
S125,M22,Module 22: Topic Advanced,in_progress,1,2026-01-21
S126,M01,Module 1: Topic Basics,in_progress,1,2025-12-31
S126,M02,Module 2: Topic Quiz,completed,3,2025-11-13
S126,M03,Module 3: Topic Basics,completed,2,2025-10-13
S126,M04,Module 4: Topic Intermediate,completed,1,2025-11-13
S126,M05,Module 5: Topic Basics,completed,1,2025-11-18
S126,M06,Module 6: Topic Project,completed,1,2025-12-29
S126,M07,Module 7: Topic Advanced,completed,1,2025-11-19
S126,M08,Module 8: Topic Intermediate,completed,1,2026-01-04
S126,M09,Module 9: Topic Basics,completed,3,2025-12-15
S126,M10,Module 10: Topic Quiz,completed,1,2025-12-20
S126,M11,Module 11: Topic Intermediate,completed,2,2025-10-03
S126,M12,Module 12: Topic Intermediate,completed,2,2025-10-22
S126,M13,Module 13: Topic Basics,in_progress,2,2026-01-24
S126,M14,Module 14: Topic Intermediate,completed,1,2025-11-10
S126,M15,Module 15: Topic Quiz,completed,1,2025-10-12
S126,M16,Module 16: Topic Intermediate,in_progress,2,2026-01-26
S126,M17,Module 17: Topic Quiz,completed,1,2025-11-30
S126,M18,Module 18: Topic Basics,in_progress,1,2026-01-15
S126,M19,Module 19: Topic Advanced,completed,2,2025-12-15
S126,M20,Module 20: Topic Intermediate,completed,1,2025-11-07
S126,M21,Module 21: Topic Advanced,completed,2,2025-12-27
S126,M22,Module 22: Topic Quiz,completed,2,2025-11-13
S127,M01,Module 1: Topic Basics,completed,2,2025-10-14
S127,M02,Module 2: Topic Basics,completed,2,2025-12-16
S127,M03,Module 3: Topic Quiz,completed,3,2026-01-05
S127,M04,Module 4: Topic Basics,completed,2,2025-11-08
S127,M05,Module 5: Topic Basics,completed,1,2025-12-20
S127,M06,Module 6: Topic Basics,completed,2,2025-10-08
S127,M07,Module 7: Topic Project,completed,3,2025-10-30
S127,M08,Module 8: Topic Project,completed,1,2025-12-03
S127,M09,Module 9: Topic Advanced,completed,1,2026-01-05
S127,M10,Module 10: Topic Intermediate,in_progress,1,2026-01-14
S127,M11,Module 11: Topic Quiz,completed,1,2025-12-05
S127,M12,Module 12: Topic Quiz,completed,1,2025-12-20
S127,M13,Module 13: Topic Quiz,completed,1,2026-01-09
S127,M14,Module 14: Topic Advanced,completed,1,2026-01-03
S127,M15,Module 15: Topic Project,completed,1,2025-11-16
S127,M16,Module 16: Topic Advanced,completed,1,2025-10-08
S127,M17,Module 17: Topic Quiz,in_progress,3,2026-01-05
S127,M18,Module 18: Topic Intermediate,completed,2,2025-10-27
S127,M19,Module 19: Topic Basics,completed,2,2025-12-07
S127,M20,Module 20: Topic Project,completed,3,2025-11-03
S127,M21,Module 21: Topic Project,completed,1,2026-01-09
S127,M22,Module 22: Topic Advanced,completed,1,2025-11-27
S128,M01,Module 1: Topic Quiz,completed,2,2025-10-02
S128,M02,Module 2: Topic Project,completed,1,2025-10-11
S128,M03,Module 3: Topic Quiz,completed,1,2025-10-08
S128,M04,Module 4: Topic Project,completed,1,2025-11-15
S128,M05,Module 5: Topic Quiz,in_progress,1,2026-01-05
S128,M06,Module 6: Topic Quiz,completed,2,2025-12-10
S128,M07,Module 7: Topic Basics,completed,1,2025-11-05
S128,M08,Module 8: Topic Intermediate,completed,2,2025-10-23
S128,M09,Module 9: Topic Quiz,completed,1,2025-12-15
S128,M10,Module 10: Topic Quiz,in_progress,2,2026-01-22
S128,M11,Module 11: Topic Advanced,in_progress,1,2026-01-19
S128,M12,Module 12: Topic Intermediate,completed,2,2025-10-01
S128,M13,Module 13: Topic Advanced,completed,1,2025-10-10
S128,M14,Module 14: Topic Intermediate,in_progress,3,2025-12-26
S128,M15,Module 15: Topic Advanced,completed,2,2025-11-12
S128,M16,Module 16: Topic Quiz,completed,2,2025-12-17
S128,M17,Module 17: Topic Quiz,completed,1,2025-11-15
S128,M18,Module 18: Topic Basics,completed,2,2025-10-27
S128,M19,Module 19: Topic Advanced,in_progress,1,2025-12-30
S129,M01,Module 1: Topic Quiz,completed,2,2025-12-07
S129,M02,Module 2: Topic Project,in_progress,2,2026-01-14
S129,M03,Module 3: Topic Project,in_progress,2,2025-12-26
S129,M04,Module 4: Topic Project,completed,1,2025-11-14
S129,M05,Module 5: Topic Intermediate,completed,1,2025-12-10
S129,M06,Module 6: Topic Project,completed,3,2025-11-11
S129,M07,Module 7: Topic Advanced,completed,1,2025-12-20
S129,M08,Module 8: Topic Basics,completed,1,2025-12-21
S129,M09,Module 9: Topic Project,completed,1,2026-01-02
S129,M10,Module 10: Topic Basics,completed,1,2025-12-27
S129,M11,Module 11: Topic Intermediate,in_progress,1,2026-01-14
S129,M12,Module 12: Topic Basics,completed,3,2025-10-26
S129,M13,Module 13: Topic Intermediate,completed,1,2025-12-18
S129,M14,Module 14: Topic Advanced,in_progress,2,2026-01-21
S129,M15,Module 15: Topic Intermediate,in_progress,2,2026-01-04
S129,M16,Module 16: Topic Intermediate,completed,1,2025-12-28
S129,M17,Module 17: Topic Quiz,in_progress,1,2025-12-31
S129,M18,Module 18: Topic Project,completed,2,2025-11-22
S129,M19,Module 19: Topic Project,completed,1,2026-01-06
S129,M20,Module 20: Topic Advanced,in_progress,2,2026-01-14
S129,M21,Module 21: Topic Advanced,completed,2,2025-12-18
S129,M22,Module 22: Topic Project,completed,1,2025-11-29
S130,M01,Module 1: Topic Project,completed,1,2025-10-01
S130,M02,Module 2: Topic Advanced,completed,1,2025-10-29
S130,M03,Module 3: Topic Quiz,completed,2,2025-12-15
S130,M04,Module 4: Topic Project,completed,1,2025-12-12
S130,M05,Module 5: Topic Quiz,completed,2,2025-10-29
S130,M06,Module 6: Topic Project,completed,1,2025-12-19
S130,M07,Module 7: Topic Intermediate,completed,3,2025-12-23
S130,M08,Module 8: Topic Advanced,completed,1,2025-10-03
S130,M09,Module 9: Topic Project,in_progress,3,2026-01-27
S130,M10,Module 10: Topic Basics,completed,3,2025-12-07
S130,M11,Module 11: Topic Basics,completed,1,2025-10-03
S130,M12,Module 12: Topic Project,in_progress,2,2026-01-03
S130,M13,Module 13: Topic Project,completed,1,2025-11-29
S130,M14,Module 14: Topic Project,completed,1,2025-12-30
S130,M15,Module 15: Topic Basics,completed,2,2025-10-08
S130,M16,Module 16: Topic Basics,completed,3,2025-12-01
S130,M17,Module 17: Topic Project,in_progress,1,2025-12-20
S130,M18,Module 18: Topic Quiz,completed,1,2025-10-31
S130,M19,Module 19: Topic Quiz,completed,3,2025-11-14
S131,M01,Module 1: Topic Advanced,completed,1,2025-10-14
S131,M02,Module 2: Topic Basics,completed,3,2025-12-25
S131,M03,Module 3: Topic Basics,in_progress,2,2026-01-05
S131,M04,Module 4: Topic Basics,completed,2,2025-11-25
S131,M05,Module 5: Topic Intermediate,in_progress,2,2025-12-28
S131,M06,Module 6: Topic Project,completed,1,2025-10-01
S131,M07,Module 7: Topic Intermediate,completed,2,2025-12-09
S131,M08,Module 8: Topic Project,completed,1,2025-10-08
S131,M09,Module 9: Topic Project,in_progress,1,2025-12-24
S131,M10,Module 10: Topic Advanced,completed,1,2025-11-09
S131,M11,Module 11: Topic Advanced,completed,3,2025-10-27
S131,M12,Module 12: Topic Project,completed,2,2025-12-11
S131,M13,Module 13: Topic Project,completed,2,2025-12-09
S131,M14,Module 14: Topic Intermediate,completed,2,2026-01-08
S131,M15,Module 15: Topic Intermediate,completed,2,2025-12-06
S131,M16,Module 16: Topic Advanced,completed,1,2025-12-03
S131,M17,Module 17: Topic Basics,completed,2,2025-11-17
S131,M18,Module 18: Topic Project,completed,1,2026-01-02
S131,M19,Module 19: Topic Intermediate,completed,3,2026-01-11
S131,M20,Module 20: Topic Advanced,completed,1,2025-12-27
S132,M01,Module 1: Topic Quiz,completed,2,2025-12-10
S132,M02,Module 2: Topic Basics,completed,1,2025-11-05
S132,M03,Module 3: Topic Advanced,completed,2,2025-10-05
S132,M04,Module 4: Topic Intermediate,completed,2,2025-11-16
S132,M05,Module 5: Topic Project,in_progress,2,2026-01-24
S132,M06,Module 6: Topic Intermediate,completed,1,2025-12-12
S132,M07,Module 7: Topic Project,completed,1,2025-11-24
S132,M08,Module 8: Topic Intermediate,completed,1,2025-10-28
S132,M09,Module 9: Topic Quiz,completed,3,2026-01-02
S132,M10,Module 10: Topic Quiz,completed,3,2025-12-25
S132,M11,Module 11: Topic Quiz,in_progress,1,2026-01-05
S132,M12,Module 12: Topic Basics,in_progress,2,2025-12-17
S132,M13,Module 13: Topic Project,completed,1,2025-10-08
S132,M14,Module 14: Topic Quiz,completed,2,2025-10-17
S132,M15,Module 15: Topic Basics,in_progress,3,2025-12-31
S132,M16,Module 16: Topic Project,completed,1,2025-11-18
S132,M17,Module 17: Topic Intermediate,in_progress,1,2025-12-21
S132,M18,Module 18: Topic Basics,completed,2,2025-10-11
S132,M19,Module 19: Topic Advanced,completed,2,2025-11-19
S132,M20,Module 20: Topic Basics,completed,1,2025-12-02
S132,M21,Module 21: Topic Basics,completed,2,2025-11-25
S132,M22,Module 22: Topic Project,in_progress,1,2026-01-06
S132,M23,Module 23: Topic Intermediate,completed,1,2025-12-01
S132,M24,Module 24: Topic Advanced,in_progress,3,2025-12-22
S132,M25,Module 25: Topic Quiz,completed,2,2025-10-22
S133,M01,Module 1: Topic Quiz,completed,1,2025-12-30
S133,M02,Module 2: Topic Project,completed,1,2025-12-24
S133,M03,Module 3: Topic Intermediate,completed,1,2025-12-26
S133,M04,Module 4: Topic Intermediate,in_progress,3,2025-12-31
S133,M05,Module 5: Topic Project,completed,2,2025-10-17
S133,M06,Module 6: Topic Intermediate,in_progress,2,2025-12-27
S133,M07,Module 7: Topic Quiz,completed,1,2025-11-26
S133,M08,Module 8: Topic Basics,completed,1,2025-10-10
S133,M09,Module 9: Topic Quiz,completed,3,2025-12-10
S133,M10,Module 10: Topic Quiz,completed,2,2025-12-01
S133,M11,Module 11: Topic Intermediate,completed,1,2025-10-04
S133,M12,Module 12: Topic Basics,completed,1,2025-10-16
S133,M13,Module 13: Topic Intermediate,completed,3,2026-01-03
S133,M14,Module 14: Topic Advanced,in_progress,1,2025-12-25
S133,M15,Module 15: Topic Intermediate,completed,1,2025-11-03
S133,M16,Module 16: Topic Intermediate,completed,1,2025-10-28
S133,M17,Module 17: Topic Intermediate,completed,1,2025-11-01
S133,M18,Module 18: Topic Basics,completed,2,2025-11-09
S133,M19,Module 19: Topic Intermediate,completed,1,2025-11-29
S133,M20,Module 20: Topic Basics,completed,2,2026-01-05
S133,M21,Module 21: Topic Project,completed,2,2026-01-11
S133,M22,Module 22: Topic Advanced,completed,1,2025-10-21
S133,M23,Module 23: Topic Basics,completed,1,2025-12-19
S133,M24,Module 24: Topic Project,in_progress,2,2026-01-21
S134,M01,Module 1: Topic Project,completed,2,2025-11-04
S134,M02,Module 2: Topic Quiz,completed,2,2025-11-12
S134,M03,Module 3: Topic Quiz,in_progress,1,2025-12-18
S134,M04,Module 4: Topic Intermediate,completed,2,2025-11-14
S134,M05,Module 5: Topic Basics,completed,1,2025-12-03
S134,M06,Module 6: Topic Project,completed,1,2025-11-19
S134,M07,Module 7: Topic Quiz,completed,2,2025-12-09
S134,M08,Module 8: Topic Intermediate,completed,2,2025-10-22
S134,M09,Module 9: Topic Quiz,completed,2,2025-11-07
S134,M10,Module 10: Topic Project,completed,3,2026-01-07
S134,M11,Module 11: Topic Project,completed,1,2025-11-21
S134,M12,Module 12: Topic Advanced,completed,1,2026-01-13
S134,M13,Module 13: Topic Intermediate,completed,3,2025-12-01
S134,M14,Module 14: Topic Project,completed,2,2025-11-30
S134,M15,Module 15: Topic Advanced,completed,2,2025-11-28
S134,M16,Module 16: Topic Advanced,completed,2,2026-01-01
S134,M17,Module 17: Topic Quiz,completed,2,2025-12-23
S134,M18,Module 18: Topic Quiz,completed,3,2025-12-24
S134,M19,Module 19: Topic Advanced,completed,1,2025-10-20
